26120166,Barbier des Isles,713,6,https://fimgs.net/mdimg/perfume/375x500.3647.jpg,59.99,https://fimgs.net/mdimg/perfume/375x500.3647.jpg
26120167,Baryshnikov,2048,8,https://fimgs.net/mdimg/perfume/375x500.12831.jpg,74.99,https://fimgs.net/mdimg/perfume/375x500.12831.jpg
26120170,Basi Homme,264,5,https://fimgs.net/mdimg/perfume/375x500.126.jpg,46.12,https://fimgs.net/mdimg/perfume/375x500.126.jpg
26120172,Basile Uomo (original),363,3,https://fimgs.net/mdimg/perfume/375x500.9543.jpg,24.99,https://fimgs.net/mdimg/perfume/375x500.9543.jpg
26120182,Bel Ami,1315,3,https://fimgs.net/mdimg/perfume/375x500.25.jpg,99.35,https://fimgs.net/mdimg/perfume/375x500.25.jpg
26120000,Ambre Canelle,749,3,https://fimgs.net/mdimg/perfume/375x500.39314.jpg,169.99,https://fimgs.net/mdimg/perfume/375x500.39314.jpg
26120003,X-Centric,895,3,https://fimgs.net/mdimg/perfume/375x500.84109.jpg,21.0,https://fimgs.net/mdimg/perfume/375x500.84109.jpg
26120006,GFT,1170,3,https://fimgs.net/mdimg/perfume/375x500.84951.jpg,62.0,https://fimgs.net/mdimg/perfume/375x500.84951.jpg
26120007,Verveine Narcisse,749,3,https://fimgs.net/mdimg/perfume/375x500.55157.jpg,100.0,https://fimgs.net/mdimg/perfume/375x500.55157.jpg
26120008,Citron Citron,2054,5,https://fimgs.net/mdimg/perfume/375x500.2318.jpg,99.07,https://fimgs.net/mdimg/perfume/375x500.2318.jpg
26120115,Aqua Quorum,239,1,https://fimgs.net/mdimg/perfume/375x500.12585.jpg,17.37,https://fimgs.net/mdimg/perfume/375x500.12585.jpg
26120139,Aspen Discovery,736,3,https://fimgs.net/mdimg/perfume/375x500.17327.jpg,37.04,https://fimgs.net/mdimg/perfume/375x500.17327.jpg
26120144,Aubusson Homme,303,3,https://fimgs.net/mdimg/perfume/375x500.4559.jpg,42.99,https://fimgs.net/mdimg/perfume/375x500.4559.jpg
26120145,Aura for Men,1440,6,https://fimgs.net/mdimg/perfume/375x500.1451.jpg,49.99,https://fimgs.net/mdimg/perfume/375x500.1451.jpg
26120149,Avon Uomo,315,8,https://fimgs.net/mdimg/perfume/375x500.39354.jpg,15.06,https://fimgs.net/mdimg/perfume/375x500.39354.jpg
26120105,Antaeus,614,3,https://fimgs.net/mdimg/perfume/375x500.616.jpg,249.0,https://fimgs.net/mdimg/perfume/375x500.616.jpg
26120107,Anthracite pour L'Homme,1440,3,https://fimgs.net/mdimg/perfume/375x500.8286.jpg,39.99,https://fimgs.net/mdimg/perfume/375x500.8286.jpg
26120108,Anucci Man,241,8,https://fimgs.net/mdimg/perfume/375x500.9377.jpg,29.11,https://fimgs.net/mdimg/perfume/375x500.9377.jpg
26120110,Aqua Allegoria Herba Fresca,1240,3,https://fimgs.net/mdimg/perfume/375x500.60.jpg,74.5,https://fimgs.net/mdimg/perfume/375x500.60.jpg
26120149,Avon Uomo,315,8,https://fimgs.net/mdimg/perfume/375x500.39354.jpg,15.06,https://fimgs.net/mdimg/perfume/375x500.39354.jpg
26120233,Bois du Portugal,749,8,https://fimgs.net/mdimg/perfume/375x500.3805.jpg,15.99,https://fimgs.net/mdimg/perfume/375x500.3805.jpg
26120234,Bois Noir,614,3,https://fimgs.net/mdimg/perfume/375x500.34568.jpg,699.0,https://fimgs.net/mdimg/perfume/375x500.34568.jpg
26120239,Borsalino,483,3,https://fimgs.net/mdimg/perfume/375x500.27974.jpg,52.5,https://fimgs.net/mdimg/perfume/375x500.27974.jpg
26120240,Boss Bottled,1350,3,https://fimgs.net/mdimg/perfume/375x500.383.jpg,18.98,https://fimgs.net/mdimg/perfume/375x500.383.jpg
26120241,Boss Number One,1350,3,https://fimgs.net/mdimg/perfume/375x500.6278.jpg,39.99,https://fimgs.net/mdimg/perfume/375x500.6278.jpg